{
    "rmse": 0.24630339428279313,
    "mae": 0.060665362035225046,
    "r2": -0.06458333333333366
}