{
    "rmse": 0.44068852539421094,
    "mae": 0.1942063764141241,
    "r2": 0.22313030468107709
}