{
    "rmse": 0.4424353707046939,
    "mae": 0.19574905725059993,
    "r2": 0.21700294280798416
}