{
    "rmse": 0.805083228578762,
    "mae": 0.6594779884429476,
    "r2": 0.008181800299863373
}